query,title,text,url,source
поступление за рубежом,10 лучших вузов с бизнес-магистратурой в Москве — 2026,,https://pikabu.ru/story/10_luchshikh_vuzov_s_biznesmagistraturoy_v_moskve__2026_14009206?u=https%3A%2F%2Fpikabu.ru%2Fstory%2F10_luchshikh_vuzov_s_biznesmagistraturoy_v_moskve__2026_14009206&t=t&h=73e597d6c8b387a9bfc88f5771fa492b9c88ece9&cv=dv&lh=t,pikabu.ru
поступление за рубежом,"Ответ на пост «Армянам нужно начинать экономить деньги, чтобы не потерять штаны вступив в Евросоюз»","Что будет с Арменией без российского газа нефти, да тоже, что с отключенной Прибалтикой от единой с Россией и Белоруссией БРЭЛЛ.
Да самим армянам абсолютно и категорично похуй, что будет с арменией! Они свой арцах проебали, читай - беславно сдали(сдали-сдали, что ни говори! Посмотреть на тот же ХАМАС и Палестину, где государство позорно слилось Нетаньяху, а ХАМАС отстаивает интересы государства и наносит очень болезненные потери израильтянам), и дружно ломанулмсь в ЮФО РФ! Вон, вокруг Краснодара целые дачные посёлки уже заселены армянами из бывшей НКАО едва ли не полностью. Про побережье КК, я думаю, никому не надо открывать глаза? Такая же, или похожая, картина на СевКавМинВодах в частности и Ставрополье в целом, в Ростове, который на Дону и Ростовской области.",https://pikabu.ru/story/otvet_na_post_armyanam_nuzhno_nachinat_yekonomit_dengi_chtobyi_ne_poteryat_shtanyi_vstupiv_v_evrosoyuz_14008977,pikabu.ru
поступление за рубежом,МГУ или «Синергия»: что лучше и куда поступить в 2026?,,https://pikabu.ru/story/mgu_ili_sinergiya_chto_luchshe_i_kuda_postupit_v_2026_14003017?u=https%3A%2F%2Fpikabu.ru%2Fstory%2Fmgu_ili_sinergiya_chto_luchshe_i_kuda_postupit_v_2026_14003017&t=t&h=939404db25adb285c46c3d79b763d3bd1c0e322b&cv=dv&lh=t,pikabu.ru
поступление за рубежом,"Лучшие вузы Москвы с магистратурой: программы, стоимость, бюджет",,https://pikabu.ru/story/luchshie_vuzyi_moskvyi_s_magistraturoy_programmyi_stoimost_byudzhet_13994660?u=https%3A%2F%2Fpikabu.ru%2Fstory%2Fluchshie_vuzyi_moskvyi_s_magistraturoy_programmyi_stoimost_byudzhet_13994660&t=t&h=f3aa0e48d4978e1a162b0bc9e45606899c6be8b4&cv=dv&lh=t,pikabu.ru
поступление за рубежом,Банк теперь может спросить: «А чемодан денег откуда?»,"Представьте: человек приходит в банк с крупной суммой наличных и говорит: «Положите на счет». Раньше иногда можно было отделаться бодрым «это мои деньги». Теперь такой ответ будет звучать примерно как «документы живут в лесу, но они хорошие».
Банк России выпустил методические рекомендации по контролю крупных операций с наличными. Их смысл простой: если клиент приносит в банк много наличных, особенно если это не похоже на его обычное поведение, банк должен понять источник денег, оценить риск и при необходимости запросить документы. Это не запрет на наличные, а усиление контроля по линии закона № 115-ФЗ о противодействии отмыванию доходов. По ст. 7 этого закона банки обязаны идентифицировать клиентов, анализировать операции, выявлять подозрительные действия и в установленных случаях вправе о",https://pikabu.ru/story/bank_teper_mozhet_sprosit_a_chemodan_deneg_otkuda_13994579,pikabu.ru
поступление за рубежом,Ответ EvgeniusSer в «Закрыла травму детства»,"Ну что же, я свою травму детства закрыл уже сразу после поступления в институт. Были у нас в школе муж и жена биологичка и химик. До 9 класса по этим предметам у меня круглые пятёрки, ездил на олимпиады, правда без особого успеха - первые места снизу. И вот на рубеже 9-10 класса случается резкое падение оценок, пошли одни трояки. Понять я ничего с начала не мог. Предметы знаю, не ленюсь. Какая-то непонятка с их стороны, без объяснений и объявления войны. Через своего любимого учителя удалось выяснить, что у них в квартире разбили окна. И как назло, наша компашка именно рядом с их домом частенько тёрлась. Но городок маленький, там все друг друга знают. Вот и подумали и обвинили меня и моих друзей заодно. Но что обидно молча, без разговора. Опять же свою позицию я донёс через любимого учител",https://pikabu.ru/story/otvet_evgeniusser_v_zakryila_travmu_detstva_13991266,pikabu.ru
поступление за рубежом,10 лучших стоматологических вузов Московской области — 2026,,https://pikabu.ru/story/10_luchshikh_stomatologicheskikh_vuzov_moskovskoy_oblasti__2026_13982863?u=https%3A%2F%2Fpikabu.ru%2Fstory%2F10_luchshikh_stomatologicheskikh_vuzov_moskovskoy_oblasti__2026_13982863&t=t&h=58c7956d5e740633dd4f1d8e8407228fbf759069&cv=dv&lh=t,pikabu.ru
поступление за рубежом,Где учиться на промышленного дизайнера: 10 лучших вузов Москвы,,https://pikabu.ru/story/gde_uchitsya_na_promyishlennogo_dizaynera_10_luchshikh_vuzov_moskvyi_13974933?u=https%3A%2F%2Fpikabu.ru%2Fstory%2Fgde_uchitsya_na_promyishlennogo_dizaynera_10_luchshikh_vuzov_moskvyi_13974933&t=t&h=e7eb9dd48c83750808a138d9f42ff6acf76a824c&cv=dv&lh=t,pikabu.ru
поступление за рубежом,Влад Ривлин Палестинские рассказы,"""Повесть
Предисловие
Наши с Омри Шварцманом жизненные пути пересекались несколько раз. Впервые я познакомился с ним, когда мы вместе учились в университете. Омри был жизнерадостным, очень энергичным молодым человеком. После окончания школы он, отслужив положенные три года, продолжил службу уже в офицерском звании, быстро поднимаясь по карьерной лестнице.
Ему довелось стать участником наиболее драматических и кровавых событий, произошедших здесь на рубеже веков и ставших ещё одним звеном бесконечной цепи противостояния. Несмотря на заманчивые перспективы армейской карьеры, открывавшиеся перед ним, Омри вдруг уволился из армии и, вернувшись к гражданской жизни, отправился в Юго-Восточную Азию, побывал в Индии, Индокитае, Австралии, затем вернулся обратно в Израиль и поступил в университет. П",https://pikabu.ru/story/vlad_rivlin_palestinskie_rasskazyi_13969622,pikabu.ru
поступление за рубежом,Гороскоп на 13 мая по знакам зодиака,"Овен

Не все проблемы решены, но вы предпочитаете не зацикливаться на них, а двигаться вперед, покоряя новые рубежи. Что ж, именно для этого день подходит как нельзя лучше. Важно помнить, что далеко не всегда прямой путь к цели – самый короткий; гораздо быстрее достигают нужных результатов те, кто идет окольными тропами, избегает открытых столкновений, но не пренебрегает безобидными хитростями.

Телец

День приносит немало волнений и тревог, но в целом складывается удачно. Он подходит для новых начинаний в профессиональной сфере, нестандартные методы помогают достичь успеха. Возможно получение неожиданных деловых предложений от людей, с которыми вы встречались на конференциях, семинарах и светских мероприятиях. Благоприятный день для начала семейного бизнеса.

Близнецы

Держите эмоции под ",https://pikabu.ru/story/goroskop_na_13_maya_po_znakam_zodiaka_13966066,pikabu.ru
поступление за рубежом,«Искусство и только искусство – верная радость жизни». О художнике С. В. Малютине,"«По этапу» 1898 год, холст масло, Государственная Третьяковская галерея",https://pikabu.ru/story/iskusstvo_i_tolko_iskusstvo__vernaya_radost_zhizni_o_khudozhnike_s_v_malyutine_13964854,pikabu.ru
поступление за рубежом,Отчетностей бояться - в лес не ходить,"Все мы с некоторой долей страха ожидаем отчетностей наших биржевых грандов по итогам 2025 года, и пытаемся понять, чего ждать в нынешнем году. Пока в основном результаты прошлого года неутешительные, но мы здесь собрались не плач Ярославны устраивать, а смотреть здраво и трезво на происходящее в экономике. Большинство крупных игроков уже разобрано аналитиками более маститыми и публичными, мы же глянем на «нелюбимых» дитятей нашего рынка. В частности, поострим на результаты ВСМПО-Ависма, которое как вы догадываетесь тоже титан, как Танос, только без камней бесконечности. И на Селигдар, известный среди инвесторов, как «не все то золото, что блестит». Закроем сегодняшний мини-обзор отчетностью «НЛМК», все-таки стальной сектор самый ликвидный, да и состояние сталелитейщиков наилучшим образом х",https://pikabu.ru/story/otchetnostey_boyatsya__v_les_ne_khodit_13955731,pikabu.ru
поступление за рубежом,15 лучших финансовых вузов Москвы — 2026,"Финансовое образование в Москве — одно из самых конкурентных направлений. Банковский сектор, инвестиции, аудит и аналитика требуют не только диплома, но и сильной прикладной подготовки и понимания экономических процессов. Если вас интересует финансовый менеджмент, факультет финансов открывает путь к карьере в банках, инвестициях и корпоративном секторе. Мы проанализировали программы, партнерские связи с работодателями и карьерные траектории выпускников, чтобы собрать подборку из лучших вузов столицы с финансовым профилем.",https://pikabu.ru/story/15_luchshikh_finansovyikh_vuzov_moskvyi__2026_13955066?u=https%3A%2F%2Fpikabu.ru%2Fstory%2F15_luchshikh_finansovyikh_vuzov_moskvyi__2026_13955066&t=t&h=1a30c3826f1732b87ea18024b76706fd79d96008&cv=dv&lh=t,pikabu.ru
поступление за рубежом,"Учитель английского в китае: требования, сертификат и честный план подготовки",,https://pikabu.ru/story/uchitel_angliyskogo_v_kitae_trebovaniya_sertifikat_i_chestnyiy_plan_podgotovki_13949491,pikabu.ru
поступление за рубежом,"Будущий врач Татьяна Мамедова: Я бы пошла в ракетостроение, если бы увидела там какие-то успехи",,https://pikabu.ru/story/budushchiy_vrach_tatyana_mamedova_ya_byi_poshla_v_raketostroenie_esli_byi_uvidela_tam_kakieto_uspekhi_13941835,pikabu.ru
поступление за рубежом,Переквалификация учитель английского языка: как сменить профессию и начать преподавать,,https://pikabu.ru/story/perekvalifikatsiya_uchitel_angliyskogo_yazyika_kak_smenit_professiyu_i_nachat_prepodavat_13933345,pikabu.ru
учеба за границей,Карьерный разворот после 30: почему менять профессию — это нормально,,https://pikabu.ru/story/karernyiy_razvorot_posle_30_pochemu_menyat_professiyu__yeto_normalno_14009937?u=https%3A%2F%2Fpikabu.ru%2Fstory%2Fkarernyiy_razvorot_posle_30_pochemu_menyat_professiyu__yeto_normalno_14009937&t=t&h=1012366abc8ff17d218c678b8bb97e044c92bab7&cv=dv&lh=t,pikabu.ru
учеба за границей,Итоги дня: коротко о важном. 26.05.2026,"Очевидец рассказал, как помогал вытаскивать детей из-под завалов в Старобельске
Пикабу
●
01:33",https://pikabu.ru/story/itogi_dnya_korotko_o_vazhnom_26052026_14007864,pikabu.ru
учеба за границей,"Ответ на пост «Ответ на пост ""О долгах""»","""Угрозы родителей учителям""- да уж. Я застал ещё то время, когда уважение к учителям было ощутимо. Прям витало в воздухе это уважение. И от детей и от родителей. В 91 году пошёл в первый класс. Уже не Советский Союз. Но с первого по третий все сидели так тихо и так внимательно слушали нашу учительницу, прям вспоминаю с теплотой. Все поднимали руку, молча. Никто не смел даже косо посмотреть на учителя. Да и не было как мне кажется внутри ни у кого, этой чрезмерной агрессии.
Уже позже я вспоминал те годы и понял, почему наша учительница была такой грустной. Я практически не могу вспомнить, чтобы она улыбалась. Распалась Великая Страна. А дети бегают на переменах, смеются. А что детям? Дети есть дети. Помню эту атмосферу начальных классов. Зимой особенно. Тусклый свет с желтизной. Полы из пок",https://pikabu.ru/story/otvet_na_post_otvet_na_post_o_dolgakh_14006896,pikabu.ru
учеба за границей,Идеальный вариант,"- Настя, ну ты чего, ты прямо сейчас хочешь, дай хоть посуду домыть? Ну что ты делаешь, оставь штаны, я упаду сейчас…
-  Паш,  давай тут, я прям хочу, еле вечера дождалась.
- Ох, Настенька, ну что ты, ну куда, ну пойдем на диван. Подожди, у меня руки мокрые… ну куда, шторы дай задерну… 
Когда все кончилось,  лежа на перекрученных простынях, Настя повернулась набок и попросила:
- Открой форточку, пожалуйста, очень душно.
- Не надо, холодно, простудишься еще…
- Окрой ненадолго, ну пожалуйста…",https://pikabu.ru/story/idealnyiy_variant_14005641,pikabu.ru
учеба за границей,Обучение учителей английского языка: какие программы выбрать для старта и роста,,https://pikabu.ru/story/obuchenie_uchiteley_angliyskogo_yazyika_kakie_programmyi_vyibrat_dlya_starta_i_rosta_14005171,pikabu.ru
учеба за границей,"Как учить английскому взрослых: методика, первый урок и ошибки преподавателя",,https://pikabu.ru/story/kak_uchit_angliyskomu_vzroslyikh_metodika_pervyiy_urok_i_oshibki_prepodavatelya_14005035,pikabu.ru
учеба за границей,"Психологический супруг, как исправить ситуацию","Добрый вечер. У меня есть некоторые проблемы. Дело в том, что мне уже 35, и мать очень часто ко мне приезжает, живёт у меня по три, иногда по четыре дня в неделю, хотя есть муж и своя квартира.
Казалось бы, ничего такого, но похоже, что она воспринимает меня как психологического мужа. Тут важно понимать, только психологического. Я очень спокойный, эмоции всегда на нуле. Я так рос. Мой отец был несколько эмоциональным человеком. Ну, немножко часто вспыхивал. Ничего такого, домашнего насилия дома никакого не было, но иногда бывало битьё посуды и вот что-то такое. Мелкие эмоциональные драммы.
Я в какой-то степени был родителем своих родителей. Они казались мне старшими братом и сестрой по той простой причине, что они как бы хотели быть идеальными родителями, но как подростки, были сами ещё эм",https://pikabu.ru/story/psikhologicheskiy_suprug_kak_ispravit_situatsiyu_14004914,pikabu.ru
учеба за границей,Опять за парту? Как перестать бояться и снова поступить в ВУЗ,,https://pikabu.ru/story/opyat_za_partu_kak_perestat_boyatsya_i_snova_postupit_v_vuz_14003866?u=https%3A%2F%2Fpikabu.ru%2Fstory%2Fopyat_za_partu_kak_perestat_boyatsya_i_snova_postupit_v_vuz_14003866&t=t&h=2d1eb4eb5c7c226a2498cba843cb2aa8dd60504f&cv=dv&lh=t,pikabu.ru
учеба за границей,Обыкновенные люди,"Всем привет!)

Нахожусь в поиске единомышленников)

Мне 31 год, в разводе.
На сайтах знакомств все пишут о своих достижениях. Спорт, карьера, путешествия. Понимаю, на таких сайтах надо выделяться, чтоб тебя заметили.
А что насчёт обычных непримечательных людей?

Я считаю себя обычным человеком. Ничего особенного во мне нет. Если бы я соревновалась в достижениях, я бы оказалась в конце списка)))

Но я считаю, что мне и не надо принимать участие в соревнованиях за внимание противоположного пола, доказывать свою ценность.
Я такая какая есть, я живая, настоящая. У меня есть свои достоинства и недостатки, которые я принимаю, это часть меня. Идеальных людей не существует.
И родственная душа рано или поздно найдется, главное искать)))

Для меня главное в жизни это спокойствие и комфорт. Стабильно",https://pikabu.ru/story/obyiknovennyie_lyudi_14003246,pikabu.ru
учеба за границей,МГУ или «Синергия»: что лучше и куда поступить в 2026?,,https://pikabu.ru/story/mgu_ili_sinergiya_chto_luchshe_i_kuda_postupit_v_2026_14003017?u=https%3A%2F%2Fpikabu.ru%2Fstory%2Fmgu_ili_sinergiya_chto_luchshe_i_kuda_postupit_v_2026_14003017&t=t&h=939404db25adb285c46c3d79b763d3bd1c0e322b&cv=dv&lh=t,pikabu.ru
учеба за границей,Сатирический Гайд: как правильно жить с 15 ГБ международного трафика в месяц,"Руководство для россиянина, желающего обновить смартфон и не разориться",https://pikabu.ru/story/satiricheskiy_gayd_kak_pravilno_zhit_s_15_gb_mezhdunarodnogo_trafika_v_mesyats_13997988,pikabu.ru
учеба за границей,Адекватный порог необходимого знания,"Есть какой-то странный порог знания, после которого человеку становится не легче, а тяжелее жить.
Пока ты знаешь мало – мир цельный.
Есть небо, кофе, учеба, вечер, люди, любовь, планы.
Потом ты начинаешь читать.
Сначала из любопытства.
Потом потому что «интересно понять, как всё устроено».
А потом внезапно обнаруживаешь себя в три часа ночи, читающим про квантовую механику, принцип неопределённости, голографическую модель Вселенной и теорию о том, что наша реальность может быть просто информацией, записанной на границе двумерной поверхности.",https://pikabu.ru/story/adekvatnyiy_porog_neobkhodimogo_znaniya_13996700,pikabu.ru
учеба за границей,Вся жизнь - борьба. Или исповедь бывшего оператора экстренной службы,"Салют пикабушникам и всех благ!

Сейчас переживаю... не лучший период жизни. Как-то так звезды сошлись на днях, что выложил на электронную бумагу... всю свою жизнь. В этом тексте нет ни слова лжи и фальши. Только моя история. C пеленок. И по сей день. Как есть... но слегка... залакированная. Я самый настоящий обычный русский парень. Такой же, как и каждый из вас. Итак... начнем, помолясь. Места действия и реальных имен по понятным причинам не называю, думаю всем понятно.

Букавок... будет много. Готовьтесь. Я старый:)

__________________________________________________________________________________________________

Я закрывался от мира... С пеленок. С осколков того, другого мира. Который рухнул в декабре 91го. 34 года назад.",https://pikabu.ru/story/vsya_zhizn__borba_ili_ispoved_byivshego_operatora_yekstrennoy_sluzhbyi_13993331,pikabu.ru
учеба за границей,Чёрная луна - 2,"Недобро прищурившись, заложив руки за спину, Малежко развернулся, и двинулся к центру плаца. Это означало, что развод подходит к концу.  По шеренгам прокатился вздох облегчения.
Когда курсанты расходились по казармам, Репкин остановил Михаила: «курсант Николаев, в канцелярию!»  Борька ткнул Михаила локтем в бок и хихикнул: «сейчас он тебя разбудит!» «Да иди ты…. Мог бы и ты разбудить!» ‒ пробурчал Михаил.
Нет, на Борьку Михаил не сердился. Борька был ему другом ‒ настоящим другом, каких у него никогда не было. Михаил хорошо помнил тот солнечный осенний день, когда их, гладеньких и свеженьких, почти ещё детей, вчерашних школьников, успешно сдавших экзамены в военное лётное имперское училище, привезли на старом, гремящем всеми возможными деталями грузовике по пыльной дороге к массивным, краш",https://pikabu.ru/story/chyornaya_luna__2_13991289,pikabu.ru
учеба за границей,Вторая Мировая: день за днём. 26 мая 1943 года. Семьсот четвёртый день Великой Отечественной войны,"Привет всем! Я несколько лет занимаюсь изучением истории Второй Мировой войны и делюсь своими знаниями в соцсетях. Сейчас я решил выкладывать материалы и сюда, на Пикабу. Я буду публиковать материалы о каждом дне Второй Мировой войны и её основной составляющей - Великой Отечественной войне.
Сегодня я публикую очередной свой материал, который выпал на очередную годовщину Победы в Великой Отечественной войне.
Её ковали не только солдаты, сержанты и офицеры низшего и среднего звена, но генералы и Маршалы, от решений которых порой решался исход сражения. Многие из них получили соответствующее военное образование и прямо способствовали одержанию Победы, а многие не дожили ещё и до начала войны. Вот о них всех я немного и расскажу.",https://pikabu.ru/story/vtoraya_mirovaya_den_za_dnyom_26_maya_1943_goda_semsot_chetvyortyiy_den_velikoy_otechestvennoy_voynyi_13990237,pikabu.ru
студенческая виза,Как удалить старую страницу ВКонтакте без доступа: рабочая инструкция 2026,"Старая страница ВКонтакте, к которой давно нет доступа — одна из самых частых проблем, с которой люди не знают что делать. Телефон сменился, email забыт, а страница висит в интернете и никуда не девается.
В этой инструкции — все рабочие способы удалить или заблокировать страницу ВК в 2025–2026 году: от простого восстановления по SMS до заявки с документами и юридического пути через 152-ФЗ. Разобрал каждый сценарий отдельно — найдите свой и действуйте по шагам.",https://pikabu.ru/story/kak_udalit_staruyu_stranitsu_vkontakte_bez_dostupa_rabochaya_instruktsiya_2026_13993513,pikabu.ru
студенческая виза,Kremlin.ru: Заявления для прессы по итогам российско-китайских переговоров,"По окончании переговоров Владимира Путина с Председателем КНР Си Цзиньпином главы двух государств сделали заявления для средств массовой информации.
20 мая 2026 года 10:00 Пекин",https://pikabu.ru/story/kremlinru_zayavleniya_dlya_pressyi_po_itogam_rossiyskokitayskikh_peregovorov_13990707,pikabu.ru
студенческая виза,"Дождливые сутки в нефтяном городе Усинске и поездка в посёлок Парма. Берег реки Усы, которая берёт исток в Полярном Урале выше Воркуты","22.06.2025
Путь из Печоры на протяжении трёх с небольшим часов сопровождался умиротворяющими видами густого таёжного леса. По мере приближения к Усинску они плавно сменились четырёхцветным пейзажем северного лета с преобладанием зелёного, жёлтого, коричневого и серого цветов.",https://pikabu.ru/story/dozhdlivyie_sutki_v_neftyanom_gorode_usinske_i_poezdka_v_posyolok_parma_bereg_reki_usyi_kotoraya_beryot_istok_v_polyarnom_urale_vyishe_vorkutyi_13979137,pikabu.ru
студенческая виза,"Я работаю в национальном парке, о котором вы никогда не слышали. Нам запрещено открывать двери в стенах каньона (часть 1 из 4)",,https://pikabu.ru/story/ya_rabotayu_v_natsionalnom_parke_o_kotorom_vyi_nikogda_ne_slyishali_nam_zapreshcheno_otkryivat_dveri_v_stenakh_kanona_chast_1_iz_4_13978886,pikabu.ru
студенческая виза,Когда в семье два эгоиста,"— Элеонора Витальевна, это Вероника. Вероника, это твоя тетя, — проговорил брат в трубку и тут же нажал «отбой», словно боялся, что Элеонора прострелит динамик на расстоянии.

Девочка лет четырнадцати, с волосами цвета выцветшего розового фламинго и в оверсайз-худи, в котором можно было спрятать небольшую семью беженцев, стояла на пороге пентхауса и жевала жвачку с таким видом, будто оценивала стоимость антиквариата на предмет того, как быстро он сгорит.

— Входи, — Элеонора небрежно махнула рукой с таким количеством колец, что рука казалась утяжеленной для тренировок по боксу. — Только кроссовки свои об ковер не вытирай, он стоит как твое обучение в вузе, который ты, судя по цвету волос, планируешь закончить через лет пятьдесят.

Девочка молча прошла, плюхнулась на дизайнерское кресло и с",https://pikabu.ru/story/kogda_v_seme_dva_yegoista_13951556,pikabu.ru
студенческая виза,"Переехал в Китай всерьёз и надолго, но...","С чего всё началось
Просто поделюсь своей историей. Я родился в городе Уфа и жил там до самого окончания колледжа. Все силы приложил к поступлению в ВУЗ мечты и был уверен на 100%, что поступлю. Однако внезапно узнаю, что меня не взяли, а плана Б у меня не было. Поэтому я решил взять так называемый gap year, подумать о своём будущем и заодно отдохнуть. Внезапно вижу в инете объявление о наборе студентов на языковые курсы в Китай. Так как меня всегда тянуло на какие-то непонятные авантюры, я ни капли не сомневаюсь.

Поехал на языковой год в небольшой китайский городок, думая, что просто поживу годик в другой стране и потом вернусь. Но мне понравилось здесь настолько, что я решил начать учить язык и приложить все силы, чтобы остаться.",https://pikabu.ru/story/pereekhal_v_kitay_vseryoz_i_nadolgo_no_13909466,pikabu.ru
студенческая виза,"Год назад я приехала с визитом в качестве соцработника. Думаю, они собирались меня съесть",,https://pikabu.ru/story/god_nazad_ya_priekhala_s_vizitom_v_kachestve_sotsrabotnika_dumayu_oni_sobiralis_menya_sest_13900807,pikabu.ru
студенческая виза,TESOL в Китае: как сертификат открывает двери в китайские школы и что важно знать до старта,"TESOL в Китае — разбираемся, какой сертификат реально нужен для работы учителем в КНР, как выбрать курс, оформить визу Z и не попасть на липовый диплом.
TESOL в Китае — вот правда про сертификат, визу Z и работу в китайских школах",https://pikabu.ru/story/tesol_v_kitae_kak_sertifikat_otkryivaet_dveri_v_kitayskie_shkolyi_i_chto_vazhno_znat_do_starta_13898517,pikabu.ru
студенческая виза,"Привет, Корея! Как я прожил в Южной Корее без малого 7 лет или почему стоит посетить страну утренней свежести","1/2
Павильон Кёнхвер, часть дворца Кёнбоккун («Дворец лучезарного счастья»), построенный в 1395 году, главная резиденция династии Чосон",https://pikabu.ru/story/privet_koreya_kak_ya_prozhil_v_yuzhnoy_koree_bez_malogo_7_let_ili_pochemu_stoit_posetit_stranu_utrenney_svezhesti_13892985,pikabu.ru
студенческая виза,"Мир, дружба, жвачка…","Санкции, скорее всего, были продлены автоматически, но ясно одно — в Вашингтоне по-настоящему никто с нами никакие отношения восстанавливать не хочет. ИА Красная весна",https://pikabu.ru/story/mir_druzhba_zhvachka_13866724,pikabu.ru
студенческая виза,"Какие лучшие решения вы приняли, будучи пьяным - 3","14. Мне доставили коробку с Amazon, в которой была классическая игра для SNES. Я получил от неё огромное удовольствие. Даже не помню, как заказывал её. Когда я проверил почту, оказалось, что я её заказал где-то в 3 часа ночи в субботу. Спасибо мне, пьяному, я наконец-то прошёл Super Metroid.
15. Я устроил огромную студенческую вечеринку, был ужасно пьян и решил украсть у соседа по комнате Bacardi и смешать его с апельсиновым соком (на этом этапе мне определенно следовало остановиться). Я мало что помню, но помню, как налил примерно рюмку апельсинового сока и залил высокий стакан ромом, пока он не стал прозрачным.
На следующее утро я проснулся рядом с огромной пустой бутылкой Bacardi, чувствуя себя прекрасно, хотя и испытывал угрызения совести из-за того, что украл её у своего лучшего друга",https://pikabu.ru/story/kakie_luchshie_resheniya_vyi_prinyali_buduchi_pyanyim__3_13859543,pikabu.ru
студенческая виза,Актуальные материалы на Спортс'' за сегодня - 04.04.2026,"Шерки надел футболку соперника прямо во время матча – но тут же подксазали снять
«Манчестер Сити» обыграл «Ливерпуль» 4:0 в четвертьфинале Кубка Англии.
Райан Шерки отметился ассистом на третий гол и был заменен на 71-й минуте. Уходя с поля, он обменялся футболками с Юго Экитике и уже на скамейке надел майку соперника.
Правда, ненадолго – кто-то из штаба подсказал снять, и Шерки сразу прислушался.
Полный материал на сайте Спортс'': Шерки надел футболку соперника прямо во время матча – но тут же подксазали снять
В Серии А все больше шотландцев. Но почему?
Неожиданно объяснимое трансферное направление.",https://pikabu.ru/story/aktualnyie_materialyi_na_sports_za_segodnya__04042026_13850854?u=https%3A%2F%2Fpikabu.ru%2Fstory%2Faktualnyie_materialyi_na_sports_za_segodnya__04042026_13850854&t=t&h=07a7d39a0722cf1d838c02d4833b33c6575b224c&cv=dv&lh=t,pikabu.ru
студенческая виза,Западный информационный пузырь 03.04.2026,"Как всегда, то, что о нас вещают западные СМИ, новости и статьи. То, что видит западная аудитория и то, во что многие верят. Тексты приведены по возможности дословно, потому что формулировки бывают даже показательнее приводимых фактов.
Сегодня без ленты новостей и досрочно
NYT
Россия отправляет второй нефтяной танкер на Кубу, испытывающую нехватку топлива",https://pikabu.ru/story/zapadnyiy_informatsionnyiy_puzyir_03042026_13847151,pikabu.ru
студенческая виза,Все космонавтики Калуги,"UPD:
Почему в Калуге космонавтики? Всё просто - Константин Циолковский, учёный, разработавший теоретическую базу космонавтики, занимался именно в Калуге вопросами освоения космоса.
Космонавтик Белороска (№12). Фото: Телеграм-канал Космонавтики Калуги",https://pikabu.ru/story/vse_kosmonavtiki_kalugi_13846526,pikabu.ru
студенческая виза,"Уезжанты в тёплые края, какой он на самом деле - банановый рай","Долгое время находился в статусе неактивного читателя Пикабы, но периодически натыкаясь на посты, подобные этому (Ответ на пост «Евгений Гришковец о любви к родине:»), становилось смешно читать чушь людей, думающих, что на Земле образовался Рай, иногда появлялось желание написать как оно на самом деле - уехать жить на Филиппины, или в Таиланд, или куда-то ещё в Азию.
Волею судьбы я достаточно давно живу и путешествую по Юго-Восточной Азии, наверное можно сказать, что я успел пожить почти во всех странах ЮВА: Таиланд, Камбоджа, Индонезия, Малайзия, Лаос, нежно любимый мною Китай, Вьетнам, Филиппины, Корея. И, да, во многих странах я именно жил (живу), то есть это не туризм на несколько месяцев и не зимовка на островах, а более глубокое обустройство быта и интеграция в общество. Ввиду наличи",https://pikabu.ru/story/uezzhantyi_v_tyoplyie_kraya_kakoy_on_na_samom_dele__bananovyiy_ray_13832037,pikabu.ru
студенческая виза,Человеческие люди,"Ссылка на источник
Голос мужика, который, войдя в вагон, затянул свою обычную телегу, проникал в сонное утреннее сознание не глубже, чем стандартная фраза из динамиков: «Осторожно, двери закрываются! Следующая станция — Парк культуры». И то, и другое обращение к пассажирам стали для Виктора неотъемлемыми звуковыми атрибутами станции Киевская кольцевой линии метро.
На мужика Виктор давно уже перестал обращать внимание. А первый месяц, как устроился на работу и стал ездить утром по кольцу, все удивлялся — как же так? Сидел Виктор обычно в первом вагоне, и почти каждый раз, чаще — на Киевской, реже — на Парке культуры, в вагон заходил мужчина в драной синей телогрейке и работал номер в классическом разговорном жанре: «граждане-пассажиры-извините-что-я-к-вам-обращаюсь». Наблюдая этого персонаж",https://pikabu.ru/story/chelovecheskie_lyudi_13825437,pikabu.ru
магистратура за рубежом,10 лучших вузов с бизнес-магистратурой в Москве — 2026,,https://pikabu.ru/story/10_luchshikh_vuzov_s_biznesmagistraturoy_v_moskve__2026_14009206?u=https%3A%2F%2Fpikabu.ru%2Fstory%2F10_luchshikh_vuzov_s_biznesmagistraturoy_v_moskve__2026_14009206&t=t&h=73e597d6c8b387a9bfc88f5771fa492b9c88ece9&cv=dv&lh=t,pikabu.ru
магистратура за рубежом,МГУ или «Синергия»: что лучше и куда поступить в 2026?,,https://pikabu.ru/story/mgu_ili_sinergiya_chto_luchshe_i_kuda_postupit_v_2026_14003017?u=https%3A%2F%2Fpikabu.ru%2Fstory%2Fmgu_ili_sinergiya_chto_luchshe_i_kuda_postupit_v_2026_14003017&t=t&h=939404db25adb285c46c3d79b763d3bd1c0e322b&cv=dv&lh=t,pikabu.ru
магистратура за рубежом,"Лучшие вузы Москвы с магистратурой: программы, стоимость, бюджет",,https://pikabu.ru/story/luchshie_vuzyi_moskvyi_s_magistraturoy_programmyi_stoimost_byudzhet_13994660?u=https%3A%2F%2Fpikabu.ru%2Fstory%2Fluchshie_vuzyi_moskvyi_s_magistraturoy_programmyi_stoimost_byudzhet_13994660&t=t&h=f3aa0e48d4978e1a162b0bc9e45606899c6be8b4&cv=dv&lh=t,pikabu.ru
магистратура за рубежом,Где учиться на промышленного дизайнера: 10 лучших вузов Москвы,,https://pikabu.ru/story/gde_uchitsya_na_promyishlennogo_dizaynera_10_luchshikh_vuzov_moskvyi_13974933?u=https%3A%2F%2Fpikabu.ru%2Fstory%2Fgde_uchitsya_na_promyishlennogo_dizaynera_10_luchshikh_vuzov_moskvyi_13974933&t=t&h=e7eb9dd48c83750808a138d9f42ff6acf76a824c&cv=dv&lh=t,pikabu.ru
магистратура за рубежом,15 лучших финансовых вузов Москвы — 2026,"Финансовое образование в Москве — одно из самых конкурентных направлений. Банковский сектор, инвестиции, аудит и аналитика требуют не только диплома, но и сильной прикладной подготовки и понимания экономических процессов. Если вас интересует финансовый менеджмент, факультет финансов открывает путь к карьере в банках, инвестициях и корпоративном секторе. Мы проанализировали программы, партнерские связи с работодателями и карьерные траектории выпускников, чтобы собрать подборку из лучших вузов столицы с финансовым профилем.",https://pikabu.ru/story/15_luchshikh_finansovyikh_vuzov_moskvyi__2026_13955066?u=https%3A%2F%2Fpikabu.ru%2Fstory%2F15_luchshikh_finansovyikh_vuzov_moskvyi__2026_13955066&t=t&h=1a30c3826f1732b87ea18024b76706fd79d96008&cv=dv&lh=t,pikabu.ru
магистратура за рубежом,Синергия vs инфоцыгане — почему их сравнивают?,,https://pikabu.ru/story/sinergiya_vs_infotsyigane__pochemu_ikh_sravnivayut_13928150?u=https%3A%2F%2Fpikabu.ru%2Fstory%2Fsinergiya_vs_infotsyigane__pochemu_ikh_sravnivayut_13928150&t=t&h=7f934199676a9199e0b075db895a1d718b6d2c4b&cv=dv&lh=t,pikabu.ru
магистратура за рубежом,12 лучших вузов Москвы с аспирантурой по юриспруденции — 2026,"Очная или заочная аспирантура — это не просто продолжение учебы, а углубленное профессиональное развитие и работа с научными исследованиями. Здесь готовят будущих судей, законодателей, экспертов и кандидатов наук. Однако выбрать подходящий вуз порой не легче, чем определиться с темой диссертации: предложений много, а по-настоящему сильных научных школ — единицы. Рассказываем про ведущие университеты и научные центров России, где аспирантура по юриспруденции реализована на высоком уровне.",https://pikabu.ru/story/12_luchshikh_vuzov_moskvyi_s_aspiranturoy_po_yurisprudentsii__2026_13924873?u=https%3A%2F%2Fpikabu.ru%2Fstory%2F12_luchshikh_vuzov_moskvyi_s_aspiranturoy_po_yurisprudentsii__2026_13924873&t=t&h=423a1b45fbb9047e1ee206704a97fc6e044c7c94&cv=dv&lh=t,pikabu.ru
магистратура за рубежом,Ответ на пост «Инженерные решения»,"Чувак, ты затронул очень болезненную и непростую тему. Более того, ты затронул тему, которая для современной власти не то чтобы табу... Но скажем так, не очень они любят ее касаться.
Далее будет мое ИМХО. Кто-то вправе с нижеизложенным не соглашаться.
Я честно могу сказать, что точку невозврата мы уже прошли и все одним движением вспять мы не повернем уже ни желании ни при вливании любых ресурсов. Придется десятилетиями восстанавливать то, что мы на сегодняшний день объективно потеряли. А пока давайте с грустью и злобой, со сжатыми до побелевших костяшек кулаками будем наблюдать как падают ракеты, как уходит в непонятные пике их полезная нагрузка. Как разбалтываются болтовые соединения в ответственных узлах. Как мы все больше отстаем от инженерного мейнстрима.
Прежде всего давайте рассмотр",https://pikabu.ru/story/otvet_na_post_inzhenernyie_resheniya_13922727,pikabu.ru
магистратура за рубежом,Почему «Синергию» называют сектой — и что на самом деле за этим стоит,"Обозначение «секта» применительно к университету звучит пугающе. На деле за ярлыком скрывается недоверие к частному образованию, настороженность к активному маркетингу и публичному продвижению. Разбираем, почему «Синергия» — не секта, а крупный аккредитованный вуз с прозрачной системой работы и официальным статусом в сфере высшего образования.",https://pikabu.ru/story/pochemu_sinergiyu_nazyivayut_sektoy__i_chto_na_samom_dele_za_yetim_stoit_13921680?u=https%3A%2F%2Fpikabu.ru%2Fstory%2Fpochemu_sinergiyu_nazyivayut_sektoy__i_chto_na_samom_dele_za_yetim_stoit_13921680&t=t&h=54db2cc46324fe6afb7e11ef4b9bdb2c847ef413&cv=dv&lh=t,pikabu.ru
магистратура за рубежом,Сколько учиться на учителя английского: честный разбор всех путей,"Не всегда нужно 5 лет, чтобы начать путь преподавателя английского.",https://pikabu.ru/story/skolko_uchitsya_na_uchitelya_angliyskogo_chestnyiy_razbor_vsekh_putey_13921015,pikabu.ru
магистратура за рубежом,Онлайн-образование в России: как устроено обучение в «Синергии»,,https://pikabu.ru/story/onlaynobrazovanie_v_rossii_kak_ustroeno_obuchenie_v_sinergii_13902671?u=https%3A%2F%2Fpikabu.ru%2Fstory%2Fonlaynobrazovanie_v_rossii_kak_ustroeno_obuchenie_v_sinergii_13902671&t=t&h=c15a301795e5ea2a2fe46bdbfcbe23770344c281&cv=dv&lh=t,pikabu.ru
магистратура за рубежом,"Курс TEFL TESOL: как выбрать программу, пройти её с толком и выйти на новый уровень в преподавании","Курс TEFL TESOL с международным сертификатом: разбираю по-человечески, как выбрать программу, что внутри и куда идти после — от практика York Fern.
TEFL TESOL курс правда сертификат",https://pikabu.ru/story/kurs_tefl_tesol_kak_vyibrat_programmu_proyti_eyo_s_tolkom_i_vyiyti_na_novyiy_uroven_v_prepodavanii_13901502,pikabu.ru
магистратура за рубежом,TESOL в Китае: как сертификат открывает двери в китайские школы и что важно знать до старта,"TESOL в Китае — разбираемся, какой сертификат реально нужен для работы учителем в КНР, как выбрать курс, оформить визу Z и не попасть на липовый диплом.
TESOL в Китае — вот правда про сертификат, визу Z и работу в китайских школах",https://pikabu.ru/story/tesol_v_kitae_kak_sertifikat_otkryivaet_dveri_v_kitayskie_shkolyi_i_chto_vazhno_znat_do_starta_13898517,pikabu.ru
магистратура за рубежом,Выучиться на преподавателя английского языка: 4 рабочих пути и мой честный опыт,"Как выучиться на преподавателя английского языка в 2026: вуз, колледж, переподготовка или TEFL/TESOL. Сроки, стоимость и путь от York Fern.
Как выучиться на преподавателя английского языка: 4 реальных пути в профессию.",https://pikabu.ru/story/vyiuchitsya_na_prepodavatelya_angliyskogo_yazyika_4_rabochikh_puti_i_moy_chestnyiy_opyit_13892912,pikabu.ru
магистратура за рубежом,15 лучших педагогических вузов Москвы — 2026,"Профессия учителя и требования к ней сильно изменились. От педагогов ждут гибкости, навыков работы с цифровыми технологиями и умения найти подход к разной аудитории. Мы сравнили в ведущих университетах Москвы и составили подборку, ориентируясь на востребованность программ, количество бюджетных мест и стоимость обучения. В статье рассказываем о сильных сторонах, проходных баллах, возможностях для практики и наличии вступительных испытаний.",https://pikabu.ru/story/15_luchshikh_pedagogicheskikh_vuzov_moskvyi__2026_13884763?u=https%3A%2F%2Fpikabu.ru%2Fstory%2F15_luchshikh_pedagogicheskikh_vuzov_moskvyi__2026_13884763&t=t&h=4cf4aaf22e902d1810e525a2627a34abd949fb2d&cv=dv&lh=t,pikabu.ru
магистратура за рубежом,"Специальность учитель английского языка: где учиться, что сдавать и как войти в профессию","Специальность учитель английского языка: что сдавать, где учиться после 9 и 11 класса, нужен ли TEFL/TESOL и как выбрать путь в профессию.
Специальность учитель английского языка: абитуриентка в коридоре педвуза выбирает путь обучения, держит лист с экзаменами и папку с материалами по преподаванию английского",https://pikabu.ru/story/spetsialnost_uchitel_angliyskogo_yazyika_gde_uchitsya_chto_sdavat_i_kak_voyti_v_professiyu_13883069,pikabu.ru
